SID,DESTINATION,CONTENT
Instagram,591740123456,Tu código de verificación es: 123456.
Facebook,591771234567,Ingresa este código para verificar: 987654.
Snapchat,591752345678,Utiliza este código de verificación: 456789.
Twitter,591793456789,Tu código de seguridad es: 345678.
LinkedIn,591774567890,Introduce el siguiente código OTP: 890123.
Facebook,591735678901,Código de acceso temporal: 234567.
Instagram,591746789012,Utiliza este código para verificar: 789012.
Twitter,591757890123,Tu código de confirmación es: 456789.
LinkedIn,591748901234,Código de autenticación: 567890.
Snapchat,591769012345,Código de seguridad temporal: 678901.
Twitter,591780123456,Ingresa el siguiente código OTP: 890123.
Instagram,591741234567,Introduce este código para verificar: 234567.
Facebook,591772345678,Utiliza este código de verificación: 901234.
Snapchat,591753456789,Tu código temporal es: 123456.
LinkedIn,591794567890,Código de autenticación temporal: 345678.
Instagram,591775678901,Ingresa el siguiente código de seguridad: 567890.
Facebook,591736789012,Tu código de verificación es: 234567.
Snapchat,591747890123,Utiliza este código para verificar: 901234.
Twitter,591758901234,Tu código de confirmación es: 345678.
LinkedIn,591749012345,Código de autenticación: 901234.
Instagram,591770123456,Ingresa el siguiente código OTP: 234567.
Facebook,591731234567,Utiliza este código para verificar: 890123.
Snapchat,591752345678,Tu código de seguridad temporal es: 678901.
Twitter,591793456789,Ingresa el siguiente código OTP: 901234.
LinkedIn,591774567890,Utiliza este código para verificar: 234567.
Instagram,591745678901,Tu código de verificación es: 789012.
Facebook,591776789012,Ingresa este código para verificar: 345678.
Snapchat,591737890123,Utiliza este código de verificación: 901234.
Twitter,591748901234,Tu código de seguridad es: 123456.
LinkedIn,591759012345,Introduce el siguiente código OTP: 890123.
Instagram,591740123456,Utiliza este código para verificar: 234567.
Facebook,591771234567,Tu código de verificación es: 901234.
Snapchat,591752345678,Ingresa este código para verificar: 345678.
Twitter,591793456789,Utiliza este código de seguridad: 567890.
LinkedIn,591774567890,Ingresa el siguiente código OTP: 789012.
Instagram,591745678901,Tu código de confirmación es: 123456.
Facebook,591736789012,Utiliza este código para verificar: 890123.
Snapchat,591747890123,Ingresa este código para verificar: 234567.
Twitter,591758901234,Utiliza este código de verificación: 901234.
LinkedIn,591749012345,Tu código de seguridad temporal es: 345678.
Instagram,591770123456,Ingresa este código de verificación: 678901.
Facebook,591731234567,Utiliza este código para verificar: 901234.
Snapchat,591752345678,Tu código temporal es: 234567.
Twitter,591793456789,Utiliza este código de confirmación: 567890.
LinkedIn,591774567890,Tu código de seguridad es: 890123.
Instagram,591745678901,Ingresa el siguiente código OTP: 123456.